{"RuleTriggered": 0, "Violations": 107, "Details": {"low_gpu_utilization": 7242, "bottlenecks": {"1667199735.548057": {"GPUs": 1, "CPUs": 2}, "1667199754.054593": {"GPUs": 1, "CPUs": 1}, "1667199762.048067": {"GPUs": 1, "CPUs": 2}, "1667199762.548068": {"GPUs": 1, "CPUs": 2}, "1667199763.048038": {"GPUs": 1, "CPUs": 2}, "1667199763.547996": {"GPUs": 1, "CPUs": 3}, "1667199764.053587": {"GPUs": 1, "CPUs": 2}, "1667199764.548031": {"GPUs": 1, "CPUs": 1}, "1667199765.048218": {"GPUs": 1, "CPUs": 1}, "1667199767.048178": {"GPUs": 1, "CPUs": 2}, "1667199767.548004": {"GPUs": 1, "CPUs": 1}, "1667199768.048689": {"GPUs": 1, "CPUs": 1}, "1667199768.548036": {"GPUs": 1, "CPUs": 2}, "1667199769.049049": {"GPUs": 1, "CPUs": 2}, "1667199770.048021": {"GPUs": 1, "CPUs": 2}, "1667199770.548062": {"GPUs": 1, "CPUs": 1}, "1667199771.04819": {"GPUs": 1, "CPUs": 2}, "1667199771.548283": {"GPUs": 1, "CPUs": 2}, "1667199772.048034": {"GPUs": 1, "CPUs": 1}, "1667199772.549822": {"GPUs": 1, "CPUs": 3}, "1667199773.048038": {"GPUs": 1, "CPUs": 2}, "1667199773.548033": {"GPUs": 1, "CPUs": 1}, "1667199774.5489": {"GPUs": 1, "CPUs": 1}, "1667199775.048111": {"GPUs": 1, "CPUs": 1}, "1667199775.547999": {"GPUs": 1, "CPUs": 1}, "1667199776.048057": {"GPUs": 1, "CPUs": 2}, "1667199776.548056": {"GPUs": 1, "CPUs": 1}, "1667199777.04804": {"GPUs": 1, "CPUs": 1}, "1667199791.548683": {"GPUs": 1, "CPUs": 1}, "1667199793.048035": {"GPUs": 1, "CPUs": 1}, "1667199793.548124": {"GPUs": 1, "CPUs": 2}, "1667199794.04802": {"GPUs": 1, "CPUs": 2}, "1667199794.548039": {"GPUs": 1, "CPUs": 1}, "1667199795.048055": {"GPUs": 1, "CPUs": 2}, "1667199811.548027": {"GPUs": 1, "CPUs": 1}, "1667199812.04909": {"GPUs": 1, "CPUs": 3}, "1667199812.548626": {"GPUs": 1, "CPUs": 1}, "1667199813.048667": {"GPUs": 1, "CPUs": 2}, "1667199813.548123": {"GPUs": 1, "CPUs": 1}, "1667199814.55079": {"GPUs": 1, "CPUs": 2}, "1667199815.04801": {"GPUs": 1, "CPUs": 1}, "1667199815.548088": {"GPUs": 1, "CPUs": 1}, "1667199833.048033": {"GPUs": 1, "CPUs": 2}, "1667199833.548149": {"GPUs": 1, "CPUs": 1}, "1667199834.049308": {"GPUs": 1, "CPUs": 1}, "1667199845.548034": {"GPUs": 1, "CPUs": 1}, "1667199846.048113": {"GPUs": 1, "CPUs": 2}, "1667199846.548084": {"GPUs": 1, "CPUs": 1}, "1667199848.048252": {"GPUs": 1, "CPUs": 1}, "1667199848.548229": {"GPUs": 1, "CPUs": 1}, "1667199849.548247": {"GPUs": 1, "CPUs": 1}, "1667199850.048023": {"GPUs": 1, "CPUs": 1}, "1667199850.547976": {"GPUs": 1, "CPUs": 2}, "1667199851.048043": {"GPUs": 1, "CPUs": 2}, "1667199852.548155": {"GPUs": 1, "CPUs": 2}, "1667199853.04947": {"GPUs": 1, "CPUs": 1}, "1667199868.548065": {"GPUs": 1, "CPUs": 1}, "1667199869.048043": {"GPUs": 1, "CPUs": 1}, "1667199871.048051": {"GPUs": 1, "CPUs": 2}, "1667199871.548049": {"GPUs": 1, "CPUs": 1}, "1667199872.048022": {"GPUs": 1, "CPUs": 2}, "1667199873.04803": {"GPUs": 1, "CPUs": 2}, "1667199873.548053": {"GPUs": 1, "CPUs": 1}, "1667199874.048028": {"GPUs": 1, "CPUs": 1}, "1667199875.048": {"GPUs": 1, "CPUs": 2}, "1667199900.048053": {"GPUs": 1, "CPUs": 1}, "1667199900.548065": {"GPUs": 1, "CPUs": 2}, "1667199901.048019": {"GPUs": 1, "CPUs": 1}, "1667199901.550559": {"GPUs": 1, "CPUs": 1}, "1667199902.048564": {"GPUs": 1, "CPUs": 1}, "1667199902.548037": {"GPUs": 1, "CPUs": 3}, "1667199903.048039": {"GPUs": 1, "CPUs": 3}, "1667199903.548022": {"GPUs": 1, "CPUs": 2}, "1667199904.048074": {"GPUs": 1, "CPUs": 2}, "1667199904.548062": {"GPUs": 1, "CPUs": 1}, "1667199905.048061": {"GPUs": 1, "CPUs": 1}, "1667199905.548777": {"GPUs": 1, "CPUs": 2}, "1667199906.048191": {"GPUs": 1, "CPUs": 3}, "1667199906.548017": {"GPUs": 1, "CPUs": 2}, "1667199907.048082": {"GPUs": 1, "CPUs": 2}, "1667199907.548041": {"GPUs": 1, "CPUs": 3}, "1667199908.048602": {"GPUs": 1, "CPUs": 3}, "1667199908.548031": {"GPUs": 1, "CPUs": 2}, "1667199909.048032": {"GPUs": 1, "CPUs": 2}, "1667199909.548049": {"GPUs": 1, "CPUs": 2}, "1667199910.048046": {"GPUs": 1, "CPUs": 3}, "1667199910.548096": {"GPUs": 1, "CPUs": 2}, "1667199911.048049": {"GPUs": 1, "CPUs": 1}, "1667199911.548008": {"GPUs": 1, "CPUs": 3}, "1667199912.048025": {"GPUs": 1, "CPUs": 2}, "1667199988.048105": {"GPUs": 1, "CPUs": 1}, "1667199989.548096": {"GPUs": 1, "CPUs": 1}, "1667199991.048764": {"GPUs": 1, "CPUs": 1}, "1667199991.547989": {"GPUs": 1, "CPUs": 1}, "1667199992.048033": {"GPUs": 1, "CPUs": 1}, "1667199992.548246": {"GPUs": 1, "CPUs": 1}, "1667199993.548058": {"GPUs": 1, "CPUs": 1}, "1667199999.048035": {"GPUs": 1, "CPUs": 1}, "1667200000.048048": {"GPUs": 1, "CPUs": 1}, "1667200001.048023": {"GPUs": 1, "CPUs": 1}, "1667200002.548064": {"GPUs": 1, "CPUs": 1}, "1667200006.048006": {"GPUs": 1, "CPUs": 1}, "1667200006.548074": {"GPUs": 1, "CPUs": 1}, "1667200007.048062": {"GPUs": 1, "CPUs": 1}, "1667200008.048092": {"GPUs": 1, "CPUs": 1}, "1667200009.54806": {"GPUs": 1, "CPUs": 1}, "1667200010.04805": {"GPUs": 1, "CPUs": 1}}}, "Datapoints": 19625, "RuleParameters": "threshold:50\nio_threshold:50\ngpu_threshold:10\npatience:1000"}