{"RuleTriggered": 0, "Violations": 0, "Details": {"ratio": {"gpu_functions-dev:0": 55.87342572244963, "cpu_functions": 44.12657427755037}, "phase": {"Step:ModeKeys.TRAIN": 7.402566391928723, "others": 92.59743360807128}, "phase_time": {}, "CPU": {"conv2d": 21.38897177655609, "convolution": 21.353496053169703, "_convolution": 20.317833230568482, "contiguous": 2.5491153274922946, "cudnn_convolution": 15.101639106839357, "batch_norm": 9.920770884437074, "_batch_norm_impl_index": 5.685889847611346, "addmm": 3.6822837733256444}, "CPU_total": {"conv2d": 5996025, "convolution": 5986080, "_convolution": 5695750, "contiguous": 714600, "cudnn_convolution": 4233481, "batch_norm": 2781115, "_batch_norm_impl_index": 1593940, "addmm": 1032264}, "GPU": {"conv2d": 21.887797766978228, "convolution": 21.877340620746732, "_convolution": 21.86969394662632, "cudnn_convolution": 21.802247830194297, "batch_norm": 3.423937166394939, "_batch_norm_impl_index": 3.416611167663824, "cudnn_batch_norm": 3.365175356643827, "addmm": 2.3571961447518284}, "GPU_total": {"conv2d": 8395403, "convolution": 8391392, "_convolution": 8388459, "cudnn_convolution": 8362589, "batch_norm": 1313304, "_batch_norm_impl_index": 1310494, "cudnn_batch_norm": 1290765, "addmm": 904139}, "general": {"Forward": 100.0}}, "Datapoints": 0, "RuleParameters": ""}