{"RuleTriggered": 152, "Violations": 1966, "Details": {"step_details": {"algo-1-27": {"step_stats": {"mean": 0.05445985782987676, "max": 6.819638, "p99": 0.05391158000000001, "p95": 0.04964524999999999, "p50": 0.042543, "min": 0.024126}, "number_of_outliers": 13, "phase": "Step:ModeKeys.TRAIN", "stddev": 0.27, "probs": [1, 1, 1, 3, 1, 1, 2, 5, 6, 5, 6, 10, 25, 16, 27, 28, 31, 47, 70, 105, 153, 259, 396, 374, 344, 362, 376, 384, 410, 285, 223, 285, 402, 506, 462, 320, 189, 98, 65, 51, 35, 42, 43, 47, 34, 41, 27, 11, 4, 3, 5, 3, 1, 3, 3, 0, 0, 0, 1, 1, 0, 0, 0, 0, 0, 0, 0, 0, 0, 0, 1, 0, 0, 0, 0, 0, 0, 0, 0, 0, 0, 0, 0, 0, 0, 0, 0, 0, 0, 0, 0, 0, 0, 0, 0, 0, 0, 0, 0, 1], "binedges": [0.024126, 0.024768560000000002, 0.025411120000000002, 0.026053680000000003, 0.026696240000000003, 0.027338800000000003, 0.027981360000000004, 0.02862392, 0.02926648, 0.02990904, 0.0305516, 0.031194160000000002, 0.03183672, 0.03247928, 0.03312184, 0.0337644, 0.03440696, 0.03504952, 0.03569208, 0.03633464, 0.0369772, 0.03761976, 0.03826232, 0.03890488, 0.03954744, 0.040190000000000003, 0.040832560000000004, 0.041475120000000004, 0.042117680000000005, 0.042760240000000005, 0.043402800000000005, 0.044045360000000006, 0.044687920000000006, 0.045330480000000006, 0.04597304000000001, 0.04661560000000001, 0.04725816000000001, 0.04790072000000001, 0.04854328, 0.04918584, 0.0498284, 0.05047096, 0.05111352, 0.05175608, 0.05239864, 0.053041200000000004, 0.053683760000000004, 0.054326320000000004, 0.054968880000000005, 0.055611440000000005, 0.056254000000000005, 0.056896560000000006, 0.057539120000000006, 0.058181680000000006, 0.05882424, 0.0594668, 0.06010936, 0.06075192, 0.06139448, 0.06203704, 0.0626796, 0.06332216, 0.06396472, 0.06460728, 0.06524984, 0.0658924, 0.06653496, 0.06717752, 0.06782008, 0.06846264, 0.0691052, 0.06974776, 0.07039032, 0.07103288, 0.07167544, 0.072318, 0.07296056000000001, 0.07360312, 0.07424568000000001, 0.07488824, 0.07553080000000001, 0.07617336, 0.07681592000000001, 0.07745848, 0.07810104000000001, 0.0787436, 0.07938616000000001, 0.08002872, 0.08067128000000001, 0.08131384, 0.08195640000000001, 0.08259896, 0.08324152000000001, 0.08388408, 0.08452664000000001, 0.0851692, 0.08581176000000001, 0.08645432, 0.08709688000000002, 0.08773944, 0.088382], "step_numbers": ["0", "1", "2", "2", "3", "4", "5", "6", "7", "8", "9", "10", "10"]}}}, "Datapoints": 6654, "RuleParameters": "threshold:3\nmode:None\nn_outliers:10\nstddev:3"}